Mirabelle Habershaw;mhabershaw0@bing.com;1
Demetri Udell;dudell1@yahoo.com;1
Anthe Kermannes;akermannes2@slate.com;1
Miguela Hasser;mhasser3@europa.eu;1
Derrek Taylor;dtaylor4@nba.com;1
Alleen Flarity;aflarity5@icio.us;1
Artair Swainson;aswainson6@berkeley.edu;1
Hettie Hollyman;hhollyman7@de.vu;1
Orella Behnen;obehnen8@gizmodo.com;1
Homer Boxer;hboxer9@flickr.com;1
Zenia Antonsen;zantonsena@cornell.edu;1
Cinderella Bednell;cbednellb@state.gov;1
Helsa Episcopi;hepiscopic@cloudflare.com;1
Haleigh Raiston;hraistond@stanford.edu;1
Wynn Keigher;wkeighere@tinyurl.com;1
Yank Rushbury;yrushburyf@smh.com.au;1
Kenton Ciobutaru;kciobutarug@about.me;1
Ree Gager;rgagerh@theatlantic.com;1
Sybilla Piesold;spiesoldi@chicagotribune.com;1
Faith Littledyke;flittledykej@facebook.com;1
Cozmo Schust;cschustk@omniture.com;1
Krystle Gunda;kgundal@fema.gov;1
Brittne Halson;bhalsonm@youku.com;1
Dukey Hutchason;dhutchasonn@phoca.cz;1
Boyce Frankcomb;bfrankcombo@independent.co.uk;1
Helge Thecham;hthechamp@google.cn;1
Worden Secombe;wsecombeq@pinterest.com;1
Morna Marsy;mmarsyr@pbs.org;1
Issy Ashdown;iashdowns@elegantthemes.com;1
Skip Naptin;snaptint@smugmug.com;1
Stacee Fakes;sfakesu@lycos.com;1
Boot Kain;bkainv@t-online.de;1
Ronnica Glamart;rglamartw@com.com;1
Lane Pressman;lpressmanx@princeton.edu;1
Lelia Moreton;lmoretony@dailymotion.com;1
Anna-diana Bartrum;abartrumz@woothemes.com;1
Fey Sneaker;fsneaker10@dropbox.com;1
Opal Lynds;olynds11@patch.com;1
Marguerite Linfoot;mlinfoot12@histats.com;1
Christiane Benettolo;cbenettolo13@businesswire.com;1
Hale Tabbitt;htabbitt14@cdc.gov;1
Wandis Mathieu;wmathieu15@addthis.com;1
Pauly Doumerque;pdoumerque16@bing.com;1
Maxi Rock;mrock17@vinaora.com;1
Townsend Broxholme;tbroxholme18@lycos.com;1
Lance Huws;lhuws19@mayoclinic.com;1
Xavier Whitters;xwhitters1a@surveymonkey.com;1
Daffy Balog;dbalog1b@posterous.com;1
Nils Janko;njanko1c@fda.gov;1
Deirdre Thomasson;dthomasson1d@4shared.com;1
Meris Fasset;mfasset1e@sogou.com;1
Nerta Risbie;nrisbie1f@odnoklassniki.ru;1
Cinda Avramov;cavramov1g@nba.com;1
Nicholas Circuit;ncircuit1h@usnews.com;1
Dolly Petherick;dpetherick1i@rakuten.co.jp;1
Felike Checcuzzi;fcheccuzzi1j@multiply.com;1
Anthea Albertson;aalbertson1k@twitter.com;1
Beryle Decruse;bdecruse1l@vinaora.com;1
Allegra Sprague;asprague1m@biblegateway.com;1
Vidovic Palluschek;vpalluschek1n@geocities.jp;1
Dyna Fountaine;dfountaine1o@marriott.com;1
Nerte Barca;nbarca1p@meetup.com;1
Alphard Vellacott;avellacott1q@phpbb.com;1
Giustino Cregin;gcregin1r@google.co.uk;1
Micah Pateman;mpateman1s@gravatar.com;1
Carey Jarry;cjarry1t@theatlantic.com;1
Jacki Hardway;jhardway1u@hibu.com;1
Fran Kulvear;fkulvear1v@sohu.com;1
Deva Aisbett;daisbett1w@cocolog-nifty.com;1
Jessie Girling;jgirling1x@facebook.com;1
Beale Bessett;bbessett1y@oakley.com;1
Nicholas Godlee;ngodlee1z@github.com;1
Reinaldo Uff;ruff20@trellian.com;1
Cindi Kitcat;ckitcat21@dion.ne.jp;1
Doralin Hallums;dhallums22@istockphoto.com;1
Rosella Zouch;rzouch23@sciencedaily.com;1
Cosmo Bigglestone;cbigglestone24@mozilla.com;1
Kimbell Coan;kcoan25@netvibes.com;1
Court Blyde;cblyde26@a8.net;1
Kennie Beiderbeck;kbeiderbeck27@drupal.org;1
Raynell Kemmish;rkemmish28@businessweek.com;1
Irita Vynoll;ivynoll29@vistaprint.com;1
Lynne Ing;ling2a@irs.gov;1
Lane Davydzenko;ldavydzenko2b@time.com;1
Glyn Glazier;gglazier2c@businesswire.com;1
Giana Romer;gromer2d@mozilla.com;1
Antin Sorrie;asorrie2e@printfriendly.com;1
Faye Keitch;fkeitch2f@storify.com;1
Saraann Sexon;ssexon2g@dyndns.org;1
Sindee Farbrother;sfarbrother2h@sohu.com;1
Byram Chaytor;bchaytor2i@plala.or.jp;1
Dalston Heaton;dheaton2j@mysql.com;1
Henryetta Bertolin;hbertolin2k@nature.com;1
Sarene Febvre;sfebvre2l@google.co.uk;1
Lyon Olivello;lolivello2m@marriott.com;1
Dulsea Izakof;dizakof2n@bbb.org;1
Nikolia Ryott;nryott2o@weather.com;1
Conrad Ffoulkes;cffoulkes2p@foxnews.com;1
Ag Hastewell;ahastewell2q@cargocollective.com;1
Allis Rowan;arowan2r@storify.com;1
Wildon Jessett;wjessett0@51.la;2
Arabele Fowler;afowler1@springer.com;2
Barbra Diano;bdiano2@kickstarter.com;2
Theodor Melladew;tmelladew3@scientificamerican.com;2
Innis Jacobbe;ijacobbe4@arstechnica.com;2
Lock Fetherston;lfetherston5@simplemachines.org;2
Demetrius Dilnot;ddilnot6@sina.com.cn;2
Pierette Boneham;pboneham7@xrea.com;2
Barthel Harmant;bharmant8@latimes.com;2
Garwin O'Sheilds;gosheilds9@e-recht24.de;2
Kitty Gorling;kgorlinga@usgs.gov;2
Marysa Dines;mdinesb@ebay.co.uk;2
Gayleen Sempill;gsempillc@example.com;2
Latrena Cornbell;lcornbelld@pagesperso-orange.fr;2
Curtice Webster;cwebstere@senate.gov;2
Hugues McIlhatton;hmcilhattonf@engadget.com;2
Trenna Lavell;tlavellg@shop-pro.jp;2
Trude Steggles;tstegglesh@istockphoto.com;2
Cthrine Kingcott;ckingcotti@blogs.com;2
Derk Houndson;dhoundsonj@reuters.com;2
Tarrah Sambrook;tsambrookk@miitbeian.gov.cn;2
Deane Baggaley;dbaggaleyl@paginegialle.it;2
Oona Baybutt;obaybuttm@toplist.cz;2
Mic Holbarrow;mholbarrown@china.com.cn;2
Hilliard Guy;hguyo@businessweek.com;2
Kaitlyn Webben;kwebbenp@microsoft.com;2
Ryann Lathey;rlatheyq@free.fr;2
Carlene Skelly;cskellyr@google.cn;2
Liane Scandroot;lscandroots@slashdot.org;2
Erinna Sineath;esineatht@blogspot.com;2
Yvon Reimer;yreimeru@prlog.org;2
Ximenes Swyndley;xswyndleyv@businessweek.com;2
Hasheem Duckhouse;hduckhousew@europa.eu;2
Nicol Skelton;nskeltonx@uol.com.br;2
Carmel Spadotto;cspadottoy@msn.com;2
Delia Manilove;dmanilovez@wiley.com;2
Brandy Cullingford;bcullingford10@upenn.edu;2
Geralda Lowater;glowater11@imageshack.us;2
Erminia Folbige;efolbige12@wsj.com;2
Adrian Cheer;acheer13@joomla.org;2
Shem Stopper;sstopper14@webs.com;2
Allx Pilbury;apilbury15@taobao.com;2
Nady Huygen;nhuygen16@hexun.com;2
Geri McLeese;gmcleese17@indiegogo.com;2
Elizabet Perkinson;eperkinson18@ucoz.com;2
Nalani Brader;nbrader19@goodreads.com;2
Bev Penwright;bpenwright1a@webeden.co.uk;2
Emlyn Loweth;eloweth1b@goodreads.com;2
Alexis Broxholme;abroxholme1c@businessinsider.com;2
Orlando Nineham;onineham1d@about.me;2
Dave Di Ruggero;ddi1e@wufoo.com;2
Eddy Astman;eastman1f@bbc.co.uk;2
Merwin Bradburn;mbradburn1g@npr.org;2
Floyd Gyde;fgyde1h@booking.com;2
Theobald Yanov;tyanov1i@time.com;2
Isador Crohan;icrohan1j@mapy.cz;2
Johanna Galego;jgalego1k@sciencedaily.com;2
Izaak Cowsby;icowsby1l@edublogs.org;2
Emelia Else;eelse1m@patch.com;2
Ray Hickisson;rhickisson1n@digg.com;2
Dulcinea Draijer;ddraijer1o@chronoengine.com;2
Kalila Banstead;kbanstead1p@histats.com;2
Thomasin Plowman;tplowman1q@linkedin.com;2
Thorpe Chaudret;tchaudret1r@lycos.com;2
Tye Romero;tromero1s@wikispaces.com;2
Arther Okill;aokill1t@mediafire.com;2
Shanie Lillgard;slillgard1u@upenn.edu;2
Jaine Meadway;jmeadway1v@flickr.com;2
Horten Gouley;hgouley1w@amazon.com;2
Cortney Hannen;channen1x@cnet.com;2
Neall Loalday;nloalday1y@tuttocitta.it;2
Sergei Bunker;sbunker1z@spiegel.de;2
Paule Jenoure;pjenoure20@theguardian.com;2
Cheslie Kitto;ckitto21@ehow.com;2
Tania Manilo;tmanilo22@thetimes.co.uk;2
Gunner Appleyard;gappleyard23@intel.com;2
Leonidas Blankman;lblankman24@ed.gov;2
Theresa Gummery;tgummery25@psu.edu;2
Matt Sommerled;msommerled26@salon.com;2
Mikol Finlaison;mfinlaison27@ft.com;2
Thomasina Bartholin;tbartholin28@bing.com;2
Stefanie Arrell;sarrell29@sun.com;2
Vivia Shakeshaft;vshakeshaft2a@weebly.com;2
Laurianne Blay;lblay2b@flickr.com;2
Winnie Steffans;wsteffans2c@myspace.com;2
Bevan Oade;boade2d@aol.com;2
Graham Hatrick;ghatrick2e@kickstarter.com;2
Rooney Cornil;rcornil2f@indiegogo.com;2
Shelli Mullany;smullany2g@360.cn;2
Tess Bater;tbater2h@cargocollective.com;2
Maybelle Antonomoli;mantonomoli2i@businessweek.com;2
Ingelbert Keer;ikeer2j@answers.com;2
Zondra Joriot;zjoriot2k@amazon.co.jp;2
Gillian Locke;glocke2l@who.int;2
Krissie Raddan;kraddan2m@ning.com;2
Shanna Jelley;sjelley2n@pen.io;2
Ava Landsman;alandsman2o@goo.gl;2
Jess Linnett;jlinnett2p@mac.com;2
Car D'Enrico;cdenrico2q@xrea.com;2
Dotty Kinnoch;dkinnoch2r@alibaba.com;2