Wombat, common;Picture of a Wombat, common;http://dummyimage.com/196x100.png/ff4444/ffffff;85.46;false;1
Wolf, timber;Picture of a Wolf, timber;http://dummyimage.com/249x100.png/5fa2dd/ffffff;15.51;false;1
Dove, emerald-spotted wood;Picture of a Dove, emerald-spotted wood;http://dummyimage.com/147x100.png/cc0000/ffffff;14.93;false;1
Squirrel, indian giant;Picture of a Squirrel, indian giant;http://dummyimage.com/154x100.png/dddddd/000000;96.55;false;1
Long-finned pilot whale;Picture of a Long-finned pilot whale;http://dummyimage.com/224x100.png/cc0000/ffffff;98.64;false;1
Raccoon, common;Picture of a Raccoon, common;http://dummyimage.com/137x100.png/dddddd/000000;57.87;false;1
Columbian rainbow boa;Picture of a Columbian rainbow boa;http://dummyimage.com/113x100.png/cc0000/ffffff;44.53;false;1
Shrew, mandras tree;Picture of a Shrew, mandras tree;http://dummyimage.com/126x100.png/cc0000/ffffff;46.03;false;1
Giant otter;Picture of a Giant otter;http://dummyimage.com/221x100.png/ff4444/ffffff;1.36;false;1
African jacana;Picture of a African jacana;http://dummyimage.com/185x100.png/cc0000/ffffff;40.73;false;1
Snake, buttermilk;Picture of a Snake, buttermilk;http://dummyimage.com/106x100.png/5fa2dd/ffffff;63.5;false;1
Brocket, red;Picture of a Brocket, red;http://dummyimage.com/129x100.png/5fa2dd/ffffff;19.85;false;1
Buffalo, african;Picture of a Buffalo, african;http://dummyimage.com/108x100.png/dddddd/000000;67.68;false;1
European red squirrel;Picture of a European red squirrel;http://dummyimage.com/103x100.png/ff4444/ffffff;17.07;false;1
Heron, grey;Picture of a Heron, grey;http://dummyimage.com/170x100.png/cc0000/ffffff;94.44;false;1
Mynah, indian;Picture of a Mynah, indian;http://dummyimage.com/204x100.png/5fa2dd/ffffff;92.12;false;1
Loris, slender;Picture of a Loris, slender;http://dummyimage.com/249x100.png/ff4444/ffffff;91.27;false;1
Insect, stick;Picture of a Insect, stick;http://dummyimage.com/159x100.png/ff4444/ffffff;11.16;false;1
Bahama pintail;Picture of a Bahama pintail;http://dummyimage.com/145x100.png/ff4444/ffffff;14.98;false;1
Black-fronted bulbul;Picture of a Black-fronted bulbul;http://dummyimage.com/101x100.png/cc0000/ffffff;12.63;false;1
Crab-eating raccoon;Picture of a Crab-eating raccoon;http://dummyimage.com/205x100.png/ff4444/ffffff;51.5;false;1
Phascogale, red-tailed;Picture of a Phascogale, red-tailed;http://dummyimage.com/168x100.png/cc0000/ffffff;66.96;false;1
Great egret;Picture of a Great egret;http://dummyimage.com/107x100.png/ff4444/ffffff;70.41;false;1
Indian tree pie;Picture of a Indian tree pie;http://dummyimage.com/226x100.png/dddddd/000000;11.85;false;1
Black-capped chickadee;Picture of a Black-capped chickadee;http://dummyimage.com/174x100.png/ff4444/ffffff;83.87;false;1
Nubian bee-eater;Picture of a Nubian bee-eater;http://dummyimage.com/122x100.png/5fa2dd/ffffff;95.35;false;1
American Virginia opossum;Picture of a American Virginia opossum;http://dummyimage.com/159x100.png/5fa2dd/ffffff;32.03;false;1
Gull, kelp;Picture of a Gull, kelp;http://dummyimage.com/250x100.png/dddddd/000000;64.24;false;1
Phalarope, red-necked;Picture of a Phalarope, red-necked;http://dummyimage.com/201x100.png/dddddd/000000;61.68;false;1
Cape Barren goose;Picture of a Cape Barren goose;http://dummyimage.com/193x100.png/cc0000/ffffff;52.03;false;1
Macaque, rhesus;Picture of a Macaque, rhesus;http://dummyimage.com/203x100.png/5fa2dd/ffffff;81.02;false;1
Short-nosed bandicoot;Picture of a Short-nosed bandicoot;http://dummyimage.com/111x100.png/5fa2dd/ffffff;79.96;false;1
Kingfisher, pied;Picture of a Kingfisher, pied;http://dummyimage.com/204x100.png/cc0000/ffffff;36.11;false;1
Cape white-eye;Picture of a Cape white-eye;http://dummyimage.com/186x100.png/ff4444/ffffff;20.78;false;1
Cormorant, little;Picture of a Cormorant, little;http://dummyimage.com/232x100.png/dddddd/000000;61.39;false;1
Ring-tailed coatimundi;Picture of a Ring-tailed coatimundi;http://dummyimage.com/204x100.png/ff4444/ffffff;23.53;false;1
American marten;Picture of a American marten;http://dummyimage.com/219x100.png/5fa2dd/ffffff;81.98;false;1
Pheasant, common;Picture of a Pheasant, common;http://dummyimage.com/162x100.png/cc0000/ffffff;44.33;false;1
Bird, secretary;Picture of a Bird, secretary;http://dummyimage.com/168x100.png/5fa2dd/ffffff;98.02;false;1
Mongoose, yellow;Picture of a Mongoose, yellow;http://dummyimage.com/245x100.png/cc0000/ffffff;67.61;false;1
Fisher;Picture of a Fisher;http://dummyimage.com/206x100.png/dddddd/000000;76.71;false;1
Bear, polar;Picture of a Bear, polar;http://dummyimage.com/219x100.png/cc0000/ffffff;26.9;false;1
Heron, yellow-crowned night;Picture of a Heron, yellow-crowned night;http://dummyimage.com/134x100.png/ff4444/ffffff;69.71;false;1
Arctic tern;Picture of a Arctic tern;http://dummyimage.com/162x100.png/dddddd/000000;91.85;false;1
Red-tailed cockatoo;Picture of a Red-tailed cockatoo;http://dummyimage.com/212x100.png/ff4444/ffffff;35.51;false;1
Long-billed cockatoo;Picture of a Long-billed cockatoo;http://dummyimage.com/171x100.png/cc0000/ffffff;7.78;false;1
Red hartebeest;Picture of a Red hartebeest;http://dummyimage.com/212x100.png/dddddd/000000;7.15;false;1
Sunbird, lesser double-collared;Picture of a Sunbird, lesser double-collared;http://dummyimage.com/245x100.png/dddddd/000000;89.96;false;1
Capuchin, black-capped;Picture of a Capuchin, black-capped;http://dummyimage.com/166x100.png/dddddd/000000;56.34;false;1
Eagle, tawny;Picture of a Eagle, tawny;http://dummyimage.com/151x100.png/5fa2dd/ffffff;95.1;false;1
Beisa oryx;Picture of a Beisa oryx;http://dummyimage.com/133x100.png/cc0000/ffffff;81.75;false;1
Sandgrouse, yellow-throated;Picture of a Sandgrouse, yellow-throated;http://dummyimage.com/245x100.png/dddddd/000000;4.56;false;1
Indian peacock;Picture of a Indian peacock;http://dummyimage.com/174x100.png/ff4444/ffffff;21.18;false;1
Kangaroo, eastern grey;Picture of a Kangaroo, eastern grey;http://dummyimage.com/194x100.png/ff4444/ffffff;79.06;false;1
Horned rattlesnake;Picture of a Horned rattlesnake;http://dummyimage.com/162x100.png/dddddd/000000;32.04;false;1
Galapagos mockingbird;Picture of a Galapagos mockingbird;http://dummyimage.com/102x100.png/dddddd/000000;42.97;false;1
Bat, madagascar fruit;Picture of a Bat, madagascar fruit;http://dummyimage.com/126x100.png/ff4444/ffffff;3.06;false;1
White-nosed coatimundi;Picture of a White-nosed coatimundi;http://dummyimage.com/134x100.png/ff4444/ffffff;86.17;false;1
Zebra, common;Picture of a Zebra, common;http://dummyimage.com/171x100.png/5fa2dd/ffffff;76.95;false;1
Malay squirrel (unidentified);Picture of a Malay squirrel (unidentified);http://dummyimage.com/131x100.png/cc0000/ffffff;8.14;false;1
Zebra, common;Picture of a Zebra, common;http://dummyimage.com/155x100.png/cc0000/ffffff;78.29;false;1
Cat, toddy;Picture of a Cat, toddy;http://dummyimage.com/217x100.png/dddddd/000000;18.45;false;1
Cattle egret;Picture of a Cattle egret;http://dummyimage.com/134x100.png/dddddd/000000;55.57;false;1
Tortoise, radiated;Picture of a Tortoise, radiated;http://dummyimage.com/188x100.png/5fa2dd/ffffff;93.78;false;1
Raven, white-necked;Picture of a Raven, white-necked;http://dummyimage.com/128x100.png/ff4444/ffffff;88.58;false;1
Cormorant, neotropic;Picture of a Cormorant, neotropic;http://dummyimage.com/237x100.png/dddddd/000000;53.11;false;1
Tayra;Picture of a Tayra;http://dummyimage.com/167x100.png/cc0000/ffffff;77.87;false;1
Killer whale;Picture of a Killer whale;http://dummyimage.com/214x100.png/5fa2dd/ffffff;74.62;false;1
European wild cat;Picture of a European wild cat;http://dummyimage.com/107x100.png/dddddd/000000;97.85;false;1
Squirrel, indian giant;Picture of a Squirrel, indian giant;http://dummyimage.com/135x100.png/5fa2dd/ffffff;41.9;false;1
Radiated tortoise;Picture of a Radiated tortoise;http://dummyimage.com/226x100.png/5fa2dd/ffffff;83.48;false;1
Curve-billed thrasher;Picture of a Curve-billed thrasher;http://dummyimage.com/115x100.png/cc0000/ffffff;31.74;false;1
Sloth, two-toed tree;Picture of a Sloth, two-toed tree;http://dummyimage.com/175x100.png/5fa2dd/ffffff;31.37;false;1
Greater flamingo;Picture of a Greater flamingo;http://dummyimage.com/184x100.png/cc0000/ffffff;95.69;false;1
Mississippi alligator;Picture of a Mississippi alligator;http://dummyimage.com/164x100.png/dddddd/000000;6.93;false;1
Common green iguana;Picture of a Common green iguana;http://dummyimage.com/160x100.png/ff4444/ffffff;2.73;false;1
Teal, hottentot;Picture of a Teal, hottentot;http://dummyimage.com/118x100.png/dddddd/000000;1.75;false;1
Steenbok;Picture of a Steenbok;http://dummyimage.com/208x100.png/5fa2dd/ffffff;44.92;false;1
Sloth, two-toed;Picture of a Sloth, two-toed;http://dummyimage.com/250x100.png/ff4444/ffffff;24.13;false;1
Asian red fox;Picture of a Asian red fox;http://dummyimage.com/241x100.png/ff4444/ffffff;37.86;false;1
Northern phalarope;Picture of a Northern phalarope;http://dummyimage.com/178x100.png/cc0000/ffffff;70.26;false;1
Owl, australian masked;Picture of a Owl, australian masked;http://dummyimage.com/117x100.png/cc0000/ffffff;49.31;false;1
Lion, australian sea;Picture of a Lion, australian sea;http://dummyimage.com/215x100.png/cc0000/ffffff;2.54;false;1
Crab, red lava;Picture of a Crab, red lava;http://dummyimage.com/207x100.png/5fa2dd/ffffff;6.43;false;1
Ox, musk;Picture of a Ox, musk;http://dummyimage.com/115x100.png/5fa2dd/ffffff;78.88;false;1
Sparrow, rufous-collared;Picture of a Sparrow, rufous-collared;http://dummyimage.com/199x100.png/dddddd/000000;8.78;false;1
White-throated toucan;Picture of a White-throated toucan;http://dummyimage.com/195x100.png/cc0000/ffffff;58.13;false;1
African wild cat;Picture of a African wild cat;http://dummyimage.com/102x100.png/cc0000/ffffff;19.0;false;1
Fowl, helmeted guinea;Picture of a Fowl, helmeted guinea;http://dummyimage.com/194x100.png/ff4444/ffffff;37.23;false;1
Red hartebeest;Picture of a Red hartebeest;http://dummyimage.com/215x100.png/cc0000/ffffff;40.06;false;1
Javanese cormorant;Picture of a Javanese cormorant;http://dummyimage.com/181x100.png/dddddd/000000;35.86;false;1
White-faced whistling duck;Picture of a White-faced whistling duck;http://dummyimage.com/241x100.png/cc0000/ffffff;90.56;false;1
Fairy penguin;Picture of a Fairy penguin;http://dummyimage.com/192x100.png/dddddd/000000;53.86;false;1
Stick insect;Picture of a Stick insect;http://dummyimage.com/167x100.png/cc0000/ffffff;62.23;false;1
Mynah, common;Picture of a Mynah, common;http://dummyimage.com/223x100.png/ff4444/ffffff;15.76;false;1
Anteater, australian spiny;Picture of a Anteater, australian spiny;http://dummyimage.com/167x100.png/cc0000/ffffff;74.2;false;1
Common rhea;Picture of a Common rhea;http://dummyimage.com/242x100.png/ff4444/ffffff;53.29;false;1
Roadrunner, greater;Picture of a Roadrunner, greater;http://dummyimage.com/195x100.png/ff4444/ffffff;87.59;false;1
Owl, snowy;Picture of a Owl, snowy;http://dummyimage.com/247x100.png/ff4444/ffffff;51.68;false;1
Otter, north american river;Picture of a Otter, north american river;http://dummyimage.com/172x100.png/5fa2dd/ffffff;69.77;false;1
Flaming Star;The movie 'Flaming Star' in best quality;http://mashable.com/sit/amet/sapien.json;41.84;false;2
A Via Láctea;The movie 'A Via Láctea' in best quality;https://skyrock.com/sit/amet/eros/suspendisse/accumsan.jsp;91.07;false;2
Horse Whisperer, The;The movie 'Horse Whisperer, The' in best quality;http://google.co.jp/lorem/quisque.jpg;37.65;false;2
Dragon Hunter;The movie 'Dragon Hunter' in best quality;http://lulu.com/ipsum/aliquam/non/mauris/morbi/non/lectus.js;6.74;false;2
Bound by Flesh ;The movie 'Bound by Flesh ' in best quality;https://omniture.com/eget/elit/sodales/scelerisque/mauris/sit/amet.png;43.47;false;2
Ararat;The movie 'Ararat' in best quality;http://1688.com/odio/consequat/varius.png;44.24;false;2
Get to Know Your Rabbit;The movie 'Get to Know Your Rabbit' in best quality;https://nydailynews.com/odio.jsp;66.37;false;2
Quick and the Dead, The;The movie 'Quick and the Dead, The' in best quality;https://alexa.com/odio/porttitor/id/consequat.json;30.04;false;2
Emperor's New Clothes, The;The movie 'Emperor's New Clothes, The' in best quality;http://hatena.ne.jp/pede.js;82.51;false;2
Colors;The movie 'Colors' in best quality;http://rediff.com/duis/mattis/egestas/metus/aenean/fermentum/donec.xml;90.5;false;2
Lone Wolf and Cub: Baby Cart at the River Styx (Kozure Ôkami: Sanzu no kawa no ubaguruma);The movie 'Lone Wolf and Cub: Baby Cart at the River Styx (Kozure Ôkami: Sanzu no kawa no ubaguruma)' in best quality;https://nymag.com/primis/in/faucibus/orci/luctus/et.png;15.97;false;2
Bandits (Bandidos);The movie 'Bandits (Bandidos)' in best quality;https://seattletimes.com/sociis/natoque/penatibus/et.json;36.26;false;2
Dopamine;The movie 'Dopamine' in best quality;http://so-net.ne.jp/elementum/ligula/vehicula.aspx;18.55;false;2
Hungarian Fairy Tale, A (Hol volt, hol nem volt);The movie 'Hungarian Fairy Tale, A (Hol volt, hol nem volt)' in best quality;http://cmu.edu/massa/quis.jpg;87.38;false;2
Cantante, El;The movie 'Cantante, El' in best quality;http://hp.com/nulla.png;72.9;false;2
Broadway Melody of 1940;The movie 'Broadway Melody of 1940' in best quality;http://unblog.fr/orci/eget.jsp;11.66;false;2
Excuse Me for Living;The movie 'Excuse Me for Living' in best quality;http://google.co.uk/eget/congue/eget.png;90.86;false;2
Shaolin Temple 3: Martial Arts of Shaolin (Nan bei Shao Lin) (Martial Arts of Shaolin);The movie 'Shaolin Temple 3: Martial Arts of Shaolin (Nan bei Shao Lin) (Martial Arts of Shaolin)' in best quality;https://soundcloud.com/tortor/id/nulla/ultrices.png;97.69;false;2
Waterloo;The movie 'Waterloo' in best quality;http://quantcast.com/eu/tincidunt.aspx;7.08;false;2
Legend of 1900, The (a.k.a. The Legend of the Pianist on the Ocean) (Leggenda del pianista sull'oceano);The movie 'Legend of 1900, The (a.k.a. The Legend of the Pianist on the Ocean) (Leggenda del pianista sull'oceano)' in best quality;https://feedburner.com/mattis/pulvinar/nulla.json;56.27;false;2
Battleground;The movie 'Battleground' in best quality;https://abc.net.au/quis/turpis/sed/ante/vivamus/tortor/duis.aspx;82.06;false;2
Ten North Frederick;The movie 'Ten North Frederick' in best quality;http://chron.com/tristique/est/et/tempus/semper/est/quam.json;88.72;false;2
Pilgrim, The;The movie 'Pilgrim, The' in best quality;http://phpbb.com/vulputate/justo/in/blandit/ultrices/enim.json;32.44;false;2
Ce que mes yeux ont vu;The movie 'Ce que mes yeux ont vu' in best quality;https://hostgator.com/tempus/sit/amet/sem/fusce.html;72.82;false;2
Enemy at the Gates;The movie 'Enemy at the Gates' in best quality;http://sphinn.com/congue/etiam/justo/etiam.jsp;34.84;false;2
Kitchen in Paris;The movie 'Kitchen in Paris' in best quality;http://comsenz.com/diam.xml;59.5;false;2
Steamroller and the Violin, The (Katok i skripka);The movie 'Steamroller and the Violin, The (Katok i skripka)' in best quality;https://earthlink.net/ut/massa/volutpat/convallis/morbi.aspx;9.06;false;2
Allnighter, The;The movie 'Allnighter, The' in best quality;http://ustream.tv/sed.jpg;22.19;false;2
Torture Garden;The movie 'Torture Garden' in best quality;http://wired.com/tortor/sollicitudin/mi/sit/amet.aspx;51.29;false;2
Lost Patrol, The;The movie 'Lost Patrol, The' in best quality;https://gov.uk/vestibulum.png;79.68;false;2
Stripes;The movie 'Stripes' in best quality;https://wikimedia.org/eget/semper.aspx;87.46;false;2
Renaissance Man;The movie 'Renaissance Man' in best quality;https://taobao.com/at/velit/eu/est.js;12.51;false;2
Rigoletto;The movie 'Rigoletto' in best quality;http://springer.com/integer/ac.aspx;54.07;false;2
Havoc;The movie 'Havoc' in best quality;https://pagesperso-orange.fr/a/pede/posuere.html;24.61;false;2
Fat City;The movie 'Fat City' in best quality;https://blogger.com/ullamcorper/augue.jsp;84.03;false;2
CJ7 (Cheung Gong 7 hou);The movie 'CJ7 (Cheung Gong 7 hou)' in best quality;https://sohu.com/vel/enim/sit/amet/nunc/viverra.json;39.85;false;2
YellowBrickRoad;The movie 'YellowBrickRoad' in best quality;http://psu.edu/consectetuer/eget/rutrum.aspx;41.38;false;2
Wild Orchid;The movie 'Wild Orchid' in best quality;https://va.gov/justo/eu/massa.aspx;39.13;false;2
El asombroso mundo de Borjamari y Pocholo;The movie 'El asombroso mundo de Borjamari y Pocholo' in best quality;https://businessinsider.com/ante/vestibulum/ante/ipsum/primis.png;47.36;false;2
Being Elmo: A Puppeteer's Journey;The movie 'Being Elmo: A Puppeteer's Journey' in best quality;http://com.com/nulla/pede/ullamcorper.aspx;62.1;false;2
13Hrs;The movie '13Hrs' in best quality;https://jiathis.com/ante/vivamus/tortor/duis/mattis/egestas.aspx;61.84;false;2
Native Son;The movie 'Native Son' in best quality;http://ehow.com/proin/interdum.html;85.71;false;2
Poor Us: An Animated History of Poverty;The movie 'Poor Us: An Animated History of Poverty' in best quality;http://statcounter.com/imperdiet/sapien.jsp;96.19;false;2
Dude, Where's My Car?;The movie 'Dude, Where's My Car?' in best quality;http://w3.org/dictumst/maecenas/ut/massa/quis/augue/luctus.jpg;19.03;false;2
The Inhabited Island 2: Rebellion;The movie 'The Inhabited Island 2: Rebellion' in best quality;https://marriott.com/mauris/non/ligula/pellentesque/ultrices.json;30.99;false;2
Scar;The movie 'Scar' in best quality;https://devhub.com/nascetur.aspx;69.82;false;2
Secret Life of Words, The;The movie 'Secret Life of Words, The' in best quality;http://wikispaces.com/in/est.aspx;89.33;false;2
Monkey's Teeth (Dents du singe, Les);The movie 'Monkey's Teeth (Dents du singe, Les)' in best quality;https://amazon.co.jp/aliquet/maecenas/leo.html;80.14;false;2
Aladdin;The movie 'Aladdin' in best quality;http://ehow.com/ipsum/dolor/sit/amet.jpg;4.26;false;2
Lifeguard, The;The movie 'Lifeguard, The' in best quality;http://instagram.com/morbi/non/lectus.html;6.27;false;2
Do Fish Do It? (Fickende Fische);The movie 'Do Fish Do It? (Fickende Fische)' in best quality;http://indiatimes.com/dui/proin/leo/odio.js;77.06;false;2
Romy and Michele's High School Reunion;The movie 'Romy and Michele's High School Reunion' in best quality;http://imgur.com/habitasse/platea/dictumst/etiam.jsp;52.01;false;2
Attila (Attila Flagello di Dio);The movie 'Attila (Attila Flagello di Dio)' in best quality;https://webs.com/sociis.xml;38.26;false;2
Killer: A Journal of Murder;The movie 'Killer: A Journal of Murder' in best quality;http://sphinn.com/donec.xml;39.91;false;2
Jesse Stone: Benefit of the Doubt;The movie 'Jesse Stone: Benefit of the Doubt' in best quality;http://flickr.com/purus/aliquet/at/feugiat/non/pretium/quis.html;7.05;false;2
Looking for Mr. Goodbar;The movie 'Looking for Mr. Goodbar' in best quality;https://msu.edu/turpis.png;16.19;false;2
That Evening Sun;The movie 'That Evening Sun' in best quality;https://uiuc.edu/nec/nisi/volutpat/eleifend/donec.jpg;32.22;false;2
Bestseller (Be-seu-teu-sel-leo);The movie 'Bestseller (Be-seu-teu-sel-leo)' in best quality;http://barnesandnoble.com/ut/volutpat/sapien/arcu/sed/augue/aliquam.js;94.26;false;2
Loves of Carmen, The;The movie 'Loves of Carmen, The' in best quality;http://virginia.edu/nulla/elit/ac/nulla.html;19.47;false;2
Train of Life (Train de vie);The movie 'Train of Life (Train de vie)' in best quality;https://t-online.de/ligula/nec/sem/duis/aliquam/convallis.json;15.21;false;2
Joe Gould's Secret;The movie 'Joe Gould's Secret' in best quality;https://nydailynews.com/at/diam.jpg;87.69;false;2
Cape Fear;The movie 'Cape Fear' in best quality;http://nytimes.com/ante/vivamus/tortor/duis.html;32.66;false;2
Year My Voice Broke, The;The movie 'Year My Voice Broke, The' in best quality;http://jalbum.net/eu/pede.aspx;17.14;false;2
Sorority Boys;The movie 'Sorority Boys' in best quality;https://foxnews.com/cubilia/curae/duis/faucibus/accumsan.html;76.56;false;2
Trog;The movie 'Trog' in best quality;https://mac.com/non.jsp;84.51;false;2
I'm Crazy About Iris Blond;The movie 'I'm Crazy About Iris Blond' in best quality;http://berkeley.edu/elit.html;71.58;false;2
Nasty Girl, The (schreckliche Mädchen, Das);The movie 'Nasty Girl, The (schreckliche Mädchen, Das)' in best quality;http://hostgator.com/sapien/ut/nunc/vestibulum/ante.jsp;34.55;false;2
Table 7;The movie 'Table 7' in best quality;https://digg.com/gravida/sem/praesent/id/massa.png;8.36;false;2
Pellet (Bola, El);The movie 'Pellet (Bola, El)' in best quality;https://sohu.com/odio/odio.xml;73.88;false;2
When We Leave (Die Fremde);The movie 'When We Leave (Die Fremde)' in best quality;http://soundcloud.com/feugiat/non/pretium/quis/lectus.jsp;89.84;false;2
The Encounter;The movie 'The Encounter' in best quality;https://opera.com/erat/eros/viverra/eget/congue/eget.js;75.33;false;2
Silent Scream, The;The movie 'Silent Scream, The' in best quality;http://rediff.com/integer.png;84.72;false;2
Seven Swords (Chat gim);The movie 'Seven Swords (Chat gim)' in best quality;http://imdaoProvider.com/tristique.jsp;50.9;false;2
3000 Miles to Graceland;The movie '3000 Miles to Graceland' in best quality;https://w3.org/montes/nascetur/ridiculus/mus.js;21.53;false;2
Man from Earth, The;The movie 'Man from Earth, The' in best quality;https://cdc.gov/volutpat/eleifend/donec/ut/dolor/morbi.png;13.91;false;2
Change of Plans (Le code a changé);The movie 'Change of Plans (Le code a changé)' in best quality;https://aol.com/aliquet/pulvinar.xml;2.41;false;2
Guy and Madeline on a Park Bench;The movie 'Guy and Madeline on a Park Bench' in best quality;http://umich.edu/ligula/nec/sem/duis.json;95.19;false;2
Last Winter, The;The movie 'Last Winter, The' in best quality;http://google.ru/vestibulum/eget.jsp;9.36;false;2
Brainstorm (Bicho de Sete Cabeças);The movie 'Brainstorm (Bicho de Sete Cabeças)' in best quality;https://g.co/quis/orci/nullam/molestie.json;43.96;false;2
Cave of the Yellow Dog, The;The movie 'Cave of the Yellow Dog, The' in best quality;https://parallels.com/in/faucibus.js;1.88;false;2
Pink Flamingos;The movie 'Pink Flamingos' in best quality;https://ft.com/fusce/congue/diam/id/ornare/imperdiet/sapien.jsp;51.17;false;2
Photographer (Fotoamator);The movie 'Photographer (Fotoamator)' in best quality;https://xrea.com/phasellus/id/sapien/in.jpg;5.05;false;2
One Day in September;The movie 'One Day in September' in best quality;https://addthis.com/ligula/pellentesque/ultrices.json;33.54;false;2
Sombre;The movie 'Sombre' in best quality;http://elegantthemes.com/duis/consequat/dui/nec/nisi/volutpat/eleifend.html;67.03;false;2
Serpent and the Rainbow, The;The movie 'Serpent and the Rainbow, The' in best quality;https://google.pl/turpis/a/pede/posuere.json;70.29;false;2
Orwell Rolls in His Grave;The movie 'Orwell Rolls in His Grave' in best quality;https://mashable.com/erat/nulla/tempus/vivamus/in/felis/eu.html;50.47;false;2
Double Dragon;The movie 'Double Dragon' in best quality;http://technorati.com/velit/id/pretium.html;81.62;false;2
Mr. 3000;The movie 'Mr. 3000' in best quality;http://msn.com/justo/etiam/pretium.xml;81.88;false;2
13 Ghosts;The movie '13 Ghosts' in best quality;https://eventbrite.com/sit.xml;38.93;false;2
Twilight Saga: Eclipse, The;The movie 'Twilight Saga: Eclipse, The' in best quality;http://woothemes.com/rhoncus/dui/vel.jpg;51.62;false;2
Public Access;The movie 'Public Access' in best quality;http://bloomberg.com/ligula/in/lacus/curabitur/at/ipsum.jpg;9.08;false;2
Children Who Chase Lost Voices from Deep Below (Hoshi o ou kodomo) (Journey to Agartha);The movie 'Children Who Chase Lost Voices from Deep Below (Hoshi o ou kodomo) (Journey to Agartha)' in best quality;https://dailymotion.com/nisi/at/nibh.png;99.87;false;2
Cuenca Crime, The (Crimen de Cuenca, El);The movie 'Cuenca Crime, The (Crimen de Cuenca, El)' in best quality;https://privacy.gov.au/montes/nascetur/ridiculus/mus.aspx;83.64;false;2
Halloween: Resurrection (Halloween 8);The movie 'Halloween: Resurrection (Halloween 8)' in best quality;http://europa.eu/donec/ut/dolor/morbi/vel.aspx;28.38;false;2
Trials of Darryl Hunt, The;The movie 'Trials of Darryl Hunt, The' in best quality;https://prnewswire.com/sem/praesent/id/massa.aspx;40.44;false;2
American Haunting, An;The movie 'American Haunting, An' in best quality;http://thetimes.co.uk/dictumst/aliquam.jpg;8.75;false;2
To Catch a Thief;The movie 'To Catch a Thief' in best quality;http://ucoz.com/ultrices.json;47.57;false;2
Turn the River;The movie 'Turn the River' in best quality;http://ucsd.edu/orci/eget/orci/vehicula/condimentum/curabitur/in.png;47.6;false;2
Wishmaster 2: Evil Never Dies;The movie 'Wishmaster 2: Evil Never Dies' in best quality;https://ucoz.com/amet/sem/fusce/consequat/nulla/nisl.jpg;62.37;false;2
Portrait in Black;The movie 'Portrait in Black' in best quality;https://google.it/suspendisse/ornare/consequat/lectus/in/est.js;15.44;false;2